School Name,Region,Starting Median Salary,Mid-Career Median Salary,Mid-Career 10th Percentile Salary,Mid-Career 25th Percentile Salary,Mid-Career 75th Percentile Salary,Mid-Career 90th Percentile Salary,States
Adelphi University,Northeastern,"$40,600.00 ","$79,200.00 ","$44,200.00 ","$54,800.00 ","$114,000.00 ","$160,000.00 ",NY
"American University, Washington D.C.",Southern,"$45,300.00 ","$90,800.00 ","$45,200.00 ","$62,400.00 ","$134,000.00 ","$169,000.00 ",DC
Amherst College,Northeastern,"$54,500.00 ","$107,000.00 ",,"$84,900.00 ","$162,000.00 ",,MA
Appalachian State University,Southern,"$40,400.00 ","$69,100.00 ","$37,200.00 ","$50,400.00 ","$90,800.00 ","$115,000.00 ",NC
Arizona State University (ASU),Western,"$47,400.00 ","$84,100.00 ","$44,600.00 ","$60,700.00 ","$114,000.00 ","$163,000.00 ",CA
Arkansas State University (ASU),Southern,"$38,700.00 ","$63,300.00 ","$33,600.00 ","$45,300.00 ","$83,900.00 ","$118,000.00 ",AR
Auburn University,Southern,"$45,400.00 ","$84,700.00 ","$45,400.00 ","$62,700.00 ","$109,000.00 ","$145,000.00 ",IA
Austin Peay State University,Southern,"$37,700.00 ","$59,200.00 ","$32,200.00 ","$40,500.00 ","$73,900.00 ","$96,200.00 ",TN
Ball State University (BSU),Midwestern,"$39,100.00 ","$64,500.00 ","$35,500.00 ","$48,200.00 ","$89,300.00 ","$128,000.00 ",IN
Bates College,Northeastern,"$47,300.00 ","$96,500.00 ",,"$60,700.00 ","$162,000.00 ",,CA
Baylor University,Southern,"$48,300.00 ","$88,600.00 ","$46,300.00 ","$60,700.00 ","$130,000.00 ","$200,000.00 ",CA
Binghamton University,Northeastern,"$53,600.00 ","$95,900.00 ","$50,900.00 ","$71,200.00 ","$146,000.00 ","$201,000.00 ",VA
Black Hills State University,Midwestern,"$35,300.00 ","$43,900.00 ",,"$32,200.00 ","$60,900.00 ",,SD
Boise State University (BSU),Western,"$40,800.00 ","$69,500.00 ","$37,400.00 ","$48,700.00 ","$87,500.00 ","$110,000.00 ",TX
Boston College,Northeastern,"$52,700.00 ","$103,000.00 ","$48,900.00 ","$70,000.00 ","$143,000.00 ","$195,000.00 ",MA
Boston University,Northeastern,"$49,000.00 ","$93,900.00 ","$48,000.00 ","$64,900.00 ","$130,000.00 ","$193,000.00 ",MA
Bowdoin College,Northeastern,"$48,100.00 ","$107,000.00 ",,"$74,600.00 ","$146,000.00 ",,ME
Bowling Green State University,Midwestern,"$39,800.00 ","$72,100.00 ","$38,200.00 ","$51,800.00 ","$101,000.00 ","$146,000.00 ",IN
Bradley University,Midwestern,"$47,000.00 ","$87,300.00 ","$45,900.00 ","$64,900.00 ","$113,000.00 ","$151,000.00 ",MD
Brigham Young University (BYU),Western,"$49,400.00 ","$88,600.00 ","$50,600.00 ","$68,500.00 ","$119,000.00 ","$164,000.00 ",UT
Brown University,Northeastern,"$56,200.00 ","$109,000.00 ","$55,400.00 ","$74,400.00 ","$159,000.00 ","$228,000.00 ",RI
Bucknell University,Northeastern,"$54,100.00 ","$110,000.00 ","$62,800.00 ","$80,600.00 ","$156,000.00 ","$251,000.00 ",PA
Cal Poly San Luis Obispo,California,"$57,200.00 ","$101,000.00 ","$55,000.00 ","$74,700.00 ","$133,000.00 ","$178,000.00 ",CA
California Institute of Technology (CIT),California,"$75,500.00 ","$123,000.00 ",,"$104,000.00 ","$161,000.00 ",,CA
"California State University (CSU), Chico",California,"$47,400.00 ","$88,100.00 ","$46,800.00 ","$62,800.00 ","$122,000.00 ","$154,000.00 ",AZ
"California State University (CSU), Stanislaus",California,"$38,000.00 ","$71,400.00 ",,"$50,500.00 ","$94,100.00 ",,NY
"California State University, Dominguez Hills (CSUDH)",California,"$42,700.00 ","$72,100.00 ","$30,800.00 ","$47,000.00 ","$92,200.00 ","$132,000.00 ",CA
"California State University, East Bay (CSUEB)",California,"$49,200.00 ","$84,300.00 ","$46,000.00 ","$62,400.00 ","$115,000.00 ","$155,000.00 ",NY
"California State University, Fullerton (CSUF)",California,"$45,700.00 ","$87,000.00 ","$45,400.00 ","$62,500.00 ","$119,000.00 ","$158,000.00 ",PA
"California State University, Long Beach (CSULB)",California,"$45,100.00 ","$84,700.00 ","$47,400.00 ","$62,500.00 ","$113,000.00 ","$154,000.00 ",ND
"California State University, Northridge (CSUN)",California,"$45,500.00 ","$80,400.00 ","$44,500.00 ","$57,800.00 ","$108,000.00 ","$153,000.00 ",CA
"California State University, Sacramento (CSUS)",California,"$47,800.00 ","$82,400.00 ","$42,900.00 ","$59,600.00 ","$111,000.00 ","$154,000.00 ",CA
Carleton College,Midwestern,"$47,500.00 ","$103,000.00 ",,"$69,400.00 ","$141,000.00 ",,AZ
Carnegie Mellon University (CMU),Northeastern,"$61,800.00 ","$111,000.00 ","$63,300.00 ","$80,100.00 ","$150,000.00 ","$209,000.00 ",PA
Case Western Reserve University,Midwestern,"$56,200.00 ","$96,500.00 ","$54,900.00 ","$76,500.00 ","$123,000.00 ","$168,000.00 ",OH
Clemson University,Southern,"$48,400.00 ","$86,000.00 ","$50,500.00 ","$61,800.00 ","$111,000.00 ","$150,000.00 ",SC
Cleveland State University,Midwestern,"$43,500.00 ","$73,100.00 ","$39,500.00 ","$51,600.00 ","$97,000.00 ","$137,000.00 ",WA
Colby College,Northeastern,"$46,400.00 ","$85,800.00 ",,"$63,500.00 ","$129,000.00 ",,ME
Colgate University,Northeastern,"$52,800.00 ","$108,000.00 ","$60,000.00 ","$76,700.00 ","$167,000.00 ","$265,000.00 ",NY
College of the Holy Cross,Northeastern,"$50,200.00 ","$106,000.00 ",,"$65,600.00 ","$143,000.00 ",,MA
Colorado College (CC),Western,"$38,500.00 ","$81,400.00 ",,"$43,000.00 ","$148,000.00 ",,IL
Colorado School of Mines,Western,"$58,100.00 ","$106,000.00 ","$62,200.00 ","$87,900.00 ","$142,000.00 ","$201,000.00 ",CO
Colorado State University (CSU),Western,"$44,800.00 ","$79,000.00 ","$43,800.00 ","$57,100.00 ","$112,000.00 ","$150,000.00 ",CO
Columbia University,Northeastern,"$59,400.00 ","$107,000.00 ","$50,300.00 ","$71,900.00 ","$161,000.00 ","$241,000.00 ",NY
Cooper Union,Northeastern,"$62,200.00 ","$114,000.00 ",,"$80,200.00 ","$142,000.00 ",,NY
Cornell University,Northeastern,"$60,300.00 ","$110,000.00 ","$56,800.00 ","$79,800.00 ","$160,000.00 ","$210,000.00 ",NY
Dallas Baptist University,Southern,"$39,400.00 ","$60,200.00 ","$38,500.00 ","$50,300.00 ","$81,800.00 ","$98,100.00 ",TX
Dartmouth College,Northeastern,"$58,000.00 ","$134,000.00 ","$63,100.00 ","$90,200.00 ","$234,000.00 ","$321,000.00 ",NH
Davenport University,Midwestern,"$39,700.00 ","$46,600.00 ","$31,600.00 ","$38,100.00 ","$65,600.00 ","$85,700.00 ",MI
Davidson College,Southern,"$46,100.00 ","$104,000.00 ",,"$70,500.00 ","$146,000.00 ",,NC
Denison University,Midwestern,"$42,000.00 ","$83,500.00 ",,"$62,100.00 ","$122,000.00 ",,CO
DePaul University,Midwestern,"$46,400.00 ","$84,800.00 ","$50,300.00 ","$63,900.00 ","$115,000.00 ","$160,000.00 ",IL
DePauw University,Midwestern,"$41,400.00 ","$88,200.00 ","$49,500.00 ","$57,400.00 ","$133,000.00 ","$185,000.00 ",WI
Dowling College,Northeastern,"$41,100.00 ","$82,800.00 ","$46,500.00 ","$60,600.00 ","$117,000.00 ","$142,000.00 ",NY
Drexel University,Northeastern,"$53,400.00 ","$93,500.00 ","$54,900.00 ","$72,500.00 ","$122,000.00 ","$161,000.00 ",IL
Duke University,Southern,"$58,900.00 ","$106,000.00 ","$56,000.00 ","$77,400.00 ","$149,000.00 ","$218,000.00 ",NC
Duquesne University,Northeastern,"$40,700.00 ","$84,400.00 ","$42,600.00 ","$59,500.00 ","$107,000.00 ","$131,000.00 ",PA
East Carolina University (ECU),Southern,"$40,200.00 ","$67,500.00 ","$38,400.00 ","$52,000.00 ","$98,700.00 ","$151,000.00 ",NC
Eastern Michigan University,Midwestern,"$40,300.00 ","$72,100.00 ","$37,900.00 ","$52,800.00 ","$95,400.00 ","$135,000.00 ",MI
Eastern Washington University,Western,"$38,600.00 ","$70,900.00 ","$36,000.00 ","$50,500.00 ","$93,100.00 ","$117,000.00 ",WA
Emory University,Southern,"$52,000.00 ","$91,600.00 ","$52,500.00 ","$63,300.00 ","$128,000.00 ","$192,000.00 ",MD
Evergreen State College,Western,"$39,500.00 ","$63,900.00 ","$38,800.00 ","$47,200.00 ","$91,600.00 ","$120,000.00 ",WA
Fairleigh Dickinson University,Northeastern,"$45,700.00 ","$78,700.00 ","$40,200.00 ","$56,300.00 ","$112,000.00 ","$171,000.00 ",NY
Fashion Institute of Technology,Northeastern,"$42,800.00 ","$81,000.00 ","$38,800.00 ","$60,500.00 ","$106,000.00 ","$138,000.00 ",MA
Fitchburg State College,Northeastern,"$42,400.00 ","$72,600.00 ","$43,300.00 ","$56,100.00 ","$99,600.00 ","$151,000.00 ",MA
Florida Atlantic University (FAU),Southern,"$42,600.00 ","$71,100.00 ","$40,700.00 ","$53,000.00 ","$99,500.00 ","$137,000.00 ",VA
Florida International University (FIU),Southern,"$43,200.00 ","$75,500.00 ","$40,500.00 ","$55,800.00 ","$98,200.00 ","$136,000.00 ",FL
Florida Metropolitan University (FMU),Southern,"$36,600.00 ","$51,000.00 ","$32,800.00 ","$36,800.00 ","$70,400.00 ","$102,000.00 ",FL
Florida State University (FSU),Southern,"$42,100.00 ","$73,000.00 ","$39,600.00 ","$52,800.00 ","$107,000.00 ","$156,000.00 ",FL
Fordham University,Northeastern,"$47,800.00 ","$99,900.00 ","$48,600.00 ","$65,900.00 ","$142,000.00 ","$198,000.00 ",NY
Fort Lewis College,Western,"$42,000.00 ","$69,800.00 ",,"$55,000.00 ","$94,000.00 ",,VA
Franklin and Marshall College,Northeastern,"$49,100.00 ","$92,800.00 ",,"$55,800.00 ","$185,000.00 ",,LA
George Mason University,Southern,"$47,800.00 ","$86,900.00 ","$51,300.00 ","$67,200.00 ","$114,000.00 ","$150,000.00 ",VA
George Washington University (GWU),Southern,"$47,000.00 ","$97,900.00 ","$48,400.00 ","$69,600.00 ","$132,000.00 ","$194,000.00 ",IL
Georgetown University,Southern,"$55,000.00 ","$110,000.00 ","$60,300.00 ","$85,800.00 ","$174,000.00 ","$248,000.00 ",WA
Georgia Institute of Technology,Southern,"$58,300.00 ","$106,000.00 ","$67,200.00 ","$85,200.00 ","$137,000.00 ","$183,000.00 ",GA
Georgia State University,Southern,"$41,800.00 ","$74,000.00 ","$43,000.00 ","$55,300.00 ","$99,900.00 ","$145,000.00 ",GA
Gettysburg College,Northeastern,"$44,700.00 ","$85,800.00 ",,"$66,300.00 ","$132,000.00 ",,PA
Gonzaga University,Western,"$44,900.00 ","$76,000.00 ","$47,000.00 ","$57,400.00 ","$103,000.00 ","$138,000.00 ",WA
Grinnell College,Midwestern,"$42,600.00 ","$76,600.00 ",,"$65,100.00 ","$116,000.00 ",,CA
Gustavus Adolphus College,Midwestern,"$44,500.00 ","$80,600.00 ",,"$49,300.00 ","$101,000.00 ",,MS
Hamilton College,Northeastern,"$49,200.00 ","$83,700.00 ",,"$51,900.00 ","$123,000.00 ",,CA
Harvard University,Northeastern,"$63,400.00 ","$124,000.00 ","$54,800.00 ","$86,200.00 ","$179,000.00 ","$288,000.00 ",MA
Harvey Mudd College,California,"$71,800.00 ","$122,000.00 ",,"$96,000.00 ","$180,000.00 ",,CA
Hofstra University,Northeastern,"$46,800.00 ","$92,700.00 ","$48,900.00 ","$67,000.00 ","$135,000.00 ","$189,000.00 ",NY
Howard University,Southern,"$46,900.00 ","$81,800.00 ","$43,300.00 ","$60,000.00 ","$109,000.00 ","$138,000.00 ",LA
Humboldt State University,California,"$42,600.00 ","$71,300.00 ","$36,000.00 ","$56,300.00 ","$94,400.00 ","$117,000.00 ",OR
Idaho State University,Western,"$44,900.00 ","$73,400.00 ","$35,400.00 ","$49,600.00 ","$101,000.00 ","$143,000.00 ",ID
Illinois Institute of Technology (IIT),Midwestern,"$56,000.00 ","$97,800.00 ","$56,100.00 ","$77,400.00 ","$121,000.00 ","$165,000.00 ",IL
Illinois State University,Midwestern,"$42,000.00 ","$73,400.00 ","$39,100.00 ","$55,200.00 ","$105,000.00 ","$142,000.00 ",RI
"Indiana University (IU), Bloomington",Midwestern,"$46,300.00 ","$84,000.00 ","$43,600.00 ","$60,400.00 ","$119,000.00 ","$178,000.00 ",MI
Indiana Wesleyan University (IWU),Midwestern,"$39,800.00 ","$58,500.00 ","$39,600.00 ","$47,800.00 ","$78,600.00 ","$93,400.00 ",OH
Iowa State University,Midwestern,"$45,400.00 ","$84,600.00 ","$44,400.00 ","$60,000.00 ","$109,000.00 ","$147,000.00 ",UT
Ithaca College,Northeastern,"$42,700.00 ","$87,400.00 ","$50,200.00 ","$62,400.00 ","$128,000.00 ","$174,000.00 ",NY
Jacksonville University,Southern,"$46,700.00 ","$66,200.00 ","$36,700.00 ","$47,200.00 ","$88,500.00 ","$121,000.00 ",FL
Juniata College,Northeastern,"$41,800.00 ","$78,900.00 ",,"$67,200.00 ","$110,000.00 ",,NH
Kansas State University (KSU),Midwestern,"$43,300.00 ","$79,000.00 ","$37,200.00 ","$54,100.00 ","$106,000.00 ","$138,000.00 ",MN
Kent State University,Midwestern,"$38,700.00 ","$62,600.00 ","$36,100.00 ","$45,800.00 ","$87,000.00 ","$124,000.00 ",OH
La Salle University (Philadelphia),Northeastern,"$43,400.00 ","$84,700.00 ","$45,300.00 ","$57,500.00 ","$106,000.00 ","$151,000.00 ",PA
Lafayette College,Northeastern,"$53,900.00 ","$107,000.00 ","$70,600.00 ","$79,300.00 ","$144,000.00 ","$204,000.00 ",PA
Lamar University,Southern,"$46,500.00 ","$79,400.00 ","$38,700.00 ","$51,600.00 ","$114,000.00 ","$158,000.00 ",NV
"Lee University (Cleveland, TN)",Southern,"$34,500.00 ","$53,900.00 ",,"$44,500.00 ","$76,800.00 ",,TN
Lehigh University,Northeastern,"$59,200.00 ","$105,000.00 ","$69,500.00 ","$85,000.00 ","$160,000.00 ","$229,000.00 ",PA
LeTourneau University,Southern,"$49,500.00 ","$73,800.00 ","$41,200.00 ","$52,700.00 ","$95,200.00 ","$126,000.00 ",TX
Lewis & Clark College,Western,"$38,900.00 ","$72,600.00 ","$38,200.00 ","$53,400.00 ","$104,000.00 ","$140,000.00 ",MO
Long Island University,Northeastern,"$47,300.00 ","$93,200.00 ","$46,300.00 ","$62,100.00 ","$122,000.00 ","$169,000.00 ",NY
Louisiana State University (LSU),Southern,"$46,900.00 ","$87,800.00 ","$43,700.00 ","$61,300.00 ","$120,000.00 ","$165,000.00 ",WA
Marquette University,Midwestern,"$48,500.00 ","$88,400.00 ","$49,500.00 ","$67,400.00 ","$121,000.00 ","$184,000.00 ",WI
Massachusetts Institute of Technology (MIT),Northeastern,"$72,200.00 ","$126,000.00 ","$76,800.00 ","$99,200.00 ","$168,000.00 ","$220,000.00 ",MA
Mercy College,Northeastern,"$43,700.00 ","$62,600.00 ","$35,600.00 ","$47,300.00 ","$99,000.00 ","$134,000.00 ",NY
Michigan State University (MSU),Midwestern,"$46,300.00 ","$85,300.00 ","$44,200.00 ","$61,500.00 ","$119,000.00 ","$170,000.00 ",IN
Middlebury College,Northeastern,"$47,700.00 ","$94,200.00 ",,"$69,100.00 ","$129,000.00 ",,VT
Minnesota State University - Mankato,Midwestern,"$43,300.00 ","$74,700.00 ","$39,500.00 ","$53,800.00 ","$95,700.00 ","$140,000.00 ",KS
Mississippi College,Southern,"$35,400.00 ","$60,400.00 ",,"$43,900.00 ","$80,400.00 ",,MS
Mississippi State University (MSU),Southern,"$44,500.00 ","$79,300.00 ","$43,300.00 ","$58,800.00 ","$108,000.00 ","$151,000.00 ",MN
Missouri State University (MSU),Midwestern,"$36,100.00 ","$69,500.00 ","$33,300.00 ","$46,900.00 ","$102,000.00 ","$134,000.00 ",MO
Montana State University - Billings,Western,"$37,900.00 ","$50,600.00 ",,"$31,800.00 ","$78,500.00 ",,MT
Montana State University - Bozeman,Western,"$46,600.00 ","$77,500.00 ","$40,200.00 ","$58,100.00 ","$111,000.00 ","$151,000.00 ",WA
Moravian College,Northeastern,"$42,500.00 ","$74,400.00 ",,"$56,700.00 ","$94,900.00 ",,PA
Morehead State University,Southern,"$34,800.00 ","$60,600.00 ","$34,300.00 ","$46,500.00 ","$72,000.00 ","$91,300.00 ",KY
Mount Holyoke College,Northeastern,"$42,400.00 ","$94,200.00 ",,"$57,100.00 ","$131,000.00 ",,OK
New Mexico Institute of Mining and Technology (New Mexico Tech),Western,"$51,000.00 ","$93,400.00 ",,"$67,400.00 ","$123,000.00 ",,NM
New Mexico State University,Western,"$44,300.00 ","$79,500.00 ","$37,400.00 ","$53,800.00 ","$102,000.00 ","$131,000.00 ",MO
New York University (NYU),Northeastern,"$50,300.00 ","$95,600.00 ","$47,500.00 ","$65,000.00 ","$142,000.00 ","$216,000.00 ",NJ
Niagara University,Northeastern,"$36,900.00 ","$69,700.00 ","$44,000.00 ","$57,000.00 ","$92,000.00 ","$128,000.00 ",NY
North Carolina State University (NCSU),Southern,"$47,200.00 ","$83,300.00 ","$49,200.00 ","$64,800.00 ","$112,000.00 ","$153,000.00 ",NC
North Dakota State University (NDSU),Midwestern,"$45,100.00 ","$77,800.00 ","$39,000.00 ","$55,800.00 ","$100,000.00 ","$123,000.00 ",PA
Northeastern University,Northeastern,"$50,500.00 ","$86,400.00 ","$47,100.00 ","$62,700.00 ","$117,000.00 ","$159,000.00 ",CA
Northern Illinois University (NIU),Midwestern,"$43,600.00 ","$80,800.00 ","$43,900.00 ","$60,200.00 ","$111,000.00 ","$161,000.00 ",WI
Northwestern University,Midwestern,"$52,700.00 ","$95,900.00 ","$51,900.00 ","$69,100.00 ","$144,000.00 ","$205,000.00 ",MI
Oberlin College,Midwestern,"$43,400.00 ","$81,600.00 ",,"$46,400.00 ","$128,000.00 ",,TX
Occidental College,California,"$51,900.00 ","$105,000.00 ",,"$54,800.00 ","$157,000.00 ",,CA
Ohio State University (OSU),Midwestern,"$44,900.00 ","$83,700.00 ","$45,500.00 ","$60,700.00 ","$116,000.00 ","$162,000.00 ",OH
Ohio University,Midwestern,"$42,200.00 ","$73,400.00 ","$36,600.00 ","$52,800.00 ","$106,000.00 ","$150,000.00 ",OH
Oklahoma City University,Southern,"$40,000.00 ","$64,300.00 ",,"$45,400.00 ","$80,600.00 ",,SC
Oklahoma State University,Southern,"$42,800.00 ","$80,700.00 ","$40,100.00 ","$56,500.00 ","$114,000.00 ","$151,000.00 ",KY
Oregon State University (OSU),Western,"$45,100.00 ","$83,300.00 ","$46,900.00 ","$64,000.00 ","$113,000.00 ","$146,000.00 ",TX
Pace University,Northeastern,"$53,200.00 ","$89,700.00 ","$44,200.00 ","$65,400.00 ","$129,000.00 ","$187,000.00 ",NY
Park University,Midwestern,"$44,300.00 ","$64,300.00 ","$37,200.00 ","$45,600.00 ","$86,400.00 ","$113,000.00 ",NM
Penn State - Harrisburg,Northeastern,"$45,700.00 ","$74,000.00 ","$44,000.00 ","$53,100.00 ","$104,000.00 ","$150,000.00 ",CA
Pennsylvania State University (PSU),Northeastern,"$49,900.00 ","$85,700.00 ","$46,300.00 ","$62,000.00 ","$117,000.00 ","$160,000.00 ",PA
Philadelphia University,Northeastern,"$45,100.00 ","$80,300.00 ","$45,800.00 ","$61,900.00 ","$108,000.00 ","$141,000.00 ",CA
Pittsburg State University,Midwestern,"$40,400.00 ","$58,200.00 ","$25,600.00 ","$46,000.00 ","$84,600.00 ","$117,000.00 ",KS
"Polytechnic University of New York, Brooklyn",Northeastern,"$62,400.00 ","$114,000.00 ","$66,800.00 ","$94,300.00 ","$143,000.00 ","$190,000.00 ",NY
Pomona College,California,"$48,600.00 ","$101,000.00 ",,"$63,300.00 ","$161,000.00 ",,VA
Portland State University (PSU),Western,"$42,600.00 ","$70,900.00 ","$40,700.00 ","$52,300.00 ","$94,400.00 ","$123,000.00 ",FL
Pratt Institute,Northeastern,"$43,800.00 ","$89,900.00 ","$48,600.00 ","$65,400.00 ","$123,000.00 ","$155,000.00 ",NY
Princeton University,Northeastern,"$66,500.00 ","$131,000.00 ","$68,900.00 ","$100,000.00 ","$190,000.00 ","$261,000.00 ",NJ
Providence College,Northeastern,"$48,000.00 ","$88,600.00 ","$42,800.00 ","$62,900.00 ","$138,000.00 ","$194,000.00 ",NY
Purdue University,Midwestern,"$51,400.00 ","$90,500.00 ","$49,900.00 ","$67,400.00 ","$121,000.00 ","$168,000.00 ",IN
Quinnipiac University,Northeastern,"$43,000.00 ","$76,500.00 ","$47,900.00 ","$57,400.00 ","$117,000.00 ","$155,000.00 ",CT
Randolph-Macon College,Southern,"$42,600.00 ","$83,600.00 ",,"$54,100.00 ","$123,000.00 ",,FL
Reed College,Western,"$40,500.00 ","$81,100.00 ",,"$67,400.00 ","$101,000.00 ",,OR
Regis University,Western,"$48,300.00 ","$73,800.00 ","$41,000.00 ","$55,500.00 ","$94,800.00 ","$117,000.00 ",TX
Rensselaer Polytechnic Institute (RPI),Northeastern,"$61,100.00 ","$110,000.00 ","$71,600.00 ","$85,500.00 ","$140,000.00 ","$182,000.00 ",NY
Rice University,Southern,"$64,000.00 ","$110,000.00 ","$55,900.00 ","$82,100.00 ","$141,000.00 ","$216,000.00 ",TX
Rider University,Northeastern,"$43,600.00 ","$88,900.00 ","$47,100.00 ","$63,100.00 ","$127,000.00 ","$150,000.00 ",NJ
Robert Morris College (RMC),Midwestern,"$38,500.00 ","$68,200.00 ","$37,300.00 ","$47,100.00 ","$95,000.00 ","$128,000.00 ",CO
Rochester Institute of Technology (RIT),Northeastern,"$48,900.00 ","$84,600.00 ","$45,000.00 ","$62,100.00 ","$112,000.00 ","$159,000.00 ",NJ
Roger Williams University,Northeastern,"$42,000.00 ","$72,300.00 ","$39,800.00 ","$48,500.00 ","$102,000.00 ","$138,000.00 ",OH
Rutgers University,Northeastern,"$50,300.00 ","$91,800.00 ","$48,100.00 ","$65,100.00 ","$128,000.00 ","$176,000.00 ",NY
Sacred Heart University,Northeastern,"$46,000.00 ","$75,300.00 ","$39,700.00 ","$54,800.00 ","$105,000.00 ","$150,000.00 ",NY
Saint Leo University,Southern,"$40,900.00 ","$57,800.00 ","$34,400.00 ","$41,800.00 ","$80,600.00 ","$113,000.00 ",FL
San Diego State University (SDSU),California,"$46,200.00 ","$85,200.00 ","$45,500.00 ","$61,800.00 ","$116,000.00 ","$158,000.00 ",TN
San Francisco State University (SFSU),California,"$47,300.00 ","$86,400.00 ","$45,100.00 ","$62,700.00 ","$114,000.00 ","$150,000.00 ",NY
San Jose State University (SJSU),California,"$53,500.00 ","$95,600.00 ","$50,700.00 ","$70,500.00 ","$122,000.00 ","$156,000.00 ",VA
Seattle University,Western,"$48,300.00 ","$82,800.00 ","$50,600.00 ","$62,400.00 ","$110,000.00 ","$150,000.00 ",WA
Seton Hall University,Northeastern,"$48,900.00 ","$89,200.00 ","$55,700.00 ","$70,600.00 ","$133,000.00 ","$195,000.00 ",WI
Siena College,Northeastern,"$45,500.00 ","$85,200.00 ","$38,700.00 ","$58,400.00 ","$129,000.00 ","$189,000.00 ",NY
Skidmore College,Northeastern,"$41,600.00 ","$74,600.00 ",,"$42,800.00 ","$147,000.00 ",,NM
Smith College,Northeastern,"$44,000.00 ","$83,900.00 ","$45,100.00 ","$59,800.00 ","$129,000.00 ","$184,000.00 ",MA
South Dakota School of Mines & Technology,Midwestern,"$55,800.00 ","$93,400.00 ","$71,500.00 ","$81,900.00 ","$122,000.00 ","$147,000.00 ",SD
South Dakota State University (SDSU),Midwestern,"$41,100.00 ","$73,500.00 ","$34,100.00 ","$49,900.00 ","$99,400.00 ","$129,000.00 ",OH
Southern Illinois University Carbondale,Midwestern,"$43,000.00 ","$72,500.00 ","$38,300.00 ","$51,300.00 ","$99,300.00 ","$139,000.00 ",IL
Southern Utah University,Western,"$41,900.00 ","$56,500.00 ",,"$39,700.00 ","$78,400.00 ",,UT
St. Cloud State University,Midwestern,"$41,800.00 ","$71,400.00 ","$38,700.00 ","$49,400.00 ","$101,000.00 ","$126,000.00 ",MN
"St. John's University, New York",Northeastern,"$48,000.00 ","$93,400.00 ","$48,000.00 ","$65,400.00 ","$124,000.00 ","$181,000.00 ",RI
St. Olaf College,Midwestern,"$45,300.00 ","$86,200.00 ","$41,300.00 ","$61,000.00 ","$120,000.00 ","$185,000.00 ",MN
Stanford University,California,"$70,400.00 ","$129,000.00 ","$68,400.00 ","$93,100.00 ","$184,000.00 ","$257,000.00 ",CA
State University of New York (SUNY) at Albany,Northeastern,"$44,500.00 ","$92,200.00 ","$47,000.00 ","$63,100.00 ","$135,000.00 ","$209,000.00 ",NY
State University of New York (SUNY) at Buffalo,Northeastern,"$46,200.00 ","$81,700.00 ","$45,900.00 ","$61,400.00 ","$110,000.00 ","$147,000.00 ",CA
State University of New York (SUNY) at Farmingdale,Northeastern,"$47,300.00 ","$84,200.00 ","$50,200.00 ","$59,800.00 ","$110,000.00 ","$162,000.00 ",ME
State University of New York (SUNY) at Fredonia,Northeastern,"$37,800.00 ","$66,200.00 ","$32,800.00 ","$44,200.00 ","$93,300.00 ","$181,000.00 ",NY
State University of New York (SUNY) at Geneseo,Northeastern,"$42,300.00 ","$81,300.00 ","$39,300.00 ","$47,600.00 ","$117,000.00 ","$173,000.00 ",NY
State University of New York (SUNY) at Oneonta,Northeastern,"$37,500.00 ","$76,700.00 ","$40,000.00 ","$54,300.00 ","$97,700.00 ","$155,000.00 ",NY
State University of New York (SUNY) at Oswego,Northeastern,"$38,000.00 ","$77,800.00 ","$40,400.00 ","$53,000.00 ","$115,000.00 ","$169,000.00 ",CA
State University of New York (SUNY) at Plattsburgh,Northeastern,"$40,800.00 ","$76,200.00 ","$38,400.00 ","$54,100.00 ","$105,000.00 ","$136,000.00 ",NY
State University of New York (SUNY) at Potsdam,Northeastern,"$38,000.00 ","$70,300.00 ","$35,100.00 ","$51,200.00 ","$100,000.00 ","$179,000.00 ",NY
Stevens Institute of Technology,Northeastern,"$60,600.00 ","$105,000.00 ","$68,700.00 ","$81,900.00 ","$138,000.00 ","$185,000.00 ",NJ
Stony Brook University,Northeastern,"$49,500.00 ","$93,000.00 ","$47,200.00 ","$67,100.00 ","$129,000.00 ","$181,000.00 ",NY
Suffolk University,Northeastern,"$42,100.00 ","$74,000.00 ","$48,700.00 ","$57,800.00 ","$95,100.00 ","$145,000.00 ",PA
Swarthmore College,Northeastern,"$49,700.00 ","$104,000.00 ",,"$67,200.00 ","$167,000.00 ",,PA
Syracuse University,Northeastern,"$45,700.00 ","$85,900.00 ","$46,400.00 ","$59,400.00 ","$119,000.00 ","$178,000.00 ",NE
Tarleton State University (TSU),Southern,"$40,800.00 ","$62,400.00 ","$32,100.00 ","$47,400.00 ","$80,400.00 ","$126,000.00 ",WI
Tennessee Technological University,Southern,"$46,200.00 ","$80,000.00 ","$42,100.00 ","$62,600.00 ","$99,500.00 ","$121,000.00 ",MN
Texas A&M University,Southern,"$49,700.00 ","$96,100.00 ","$51,100.00 ","$71,300.00 ","$131,000.00 ","$171,000.00 ",TX
Texas Christian University (TCU),Southern,"$45,100.00 ","$78,100.00 ","$42,600.00 ","$56,600.00 ","$122,000.00 ","$183,000.00 ",OR
Thomas Aquinas College,California,"$41,500.00 ","$67,500.00 ",,"$44,600.00 ","$93,100.00 ",,CA
Tulane University,Southern,"$49,100.00 ","$95,800.00 ","$46,500.00 ","$64,400.00 ","$134,000.00 ","$185,000.00 ",PA
Tusculum College,Southern,"$36,900.00 ","$55,500.00 ","$36,200.00 ","$43,000.00 ","$87,300.00 ","$124,000.00 ",NC
Union College,Northeastern,"$47,200.00 ","$95,800.00 ","$48,700.00 ","$75,200.00 ","$135,000.00 ","$230,000.00 ",NY
University of Akron,Midwestern,"$41,100.00 ","$70,300.00 ","$40,600.00 ","$53,300.00 ","$95,200.00 ","$127,000.00 ",FL
University of Alabama at Birmingham (UAB),Southern,"$39,200.00 ","$70,100.00 ","$43,000.00 ","$53,400.00 ","$91,400.00 ","$125,000.00 ",OH
University of Alabama at Huntsville (UAH),Southern,"$43,100.00 ","$82,700.00 ","$46,100.00 ","$67,800.00 ","$106,000.00 ","$132,000.00 ",OH
"University of Alabama, Tuscaloosa",Southern,"$41,300.00 ","$81,400.00 ","$40,100.00 ","$56,500.00 ","$117,000.00 ","$161,000.00 ",AL
"University of Alaska, Anchorage",Western,"$45,900.00 ","$72,600.00 ","$39,800.00 ","$56,600.00 ","$99,300.00 ","$137,000.00 ",AK
University of Arizona,Western,"$47,500.00 ","$86,100.00 ","$44,800.00 ","$61,700.00 ","$117,000.00 ","$160,000.00 ",IL
University of Arkansas,Southern,"$44,100.00 ","$82,800.00 ","$43,200.00 ","$60,700.00 ","$113,000.00 ","$160,000.00 ",GA
University of Arkansas - Monticello (UAM),Southern,"$39,200.00 ","$74,500.00 ",,"$46,100.00 ","$110,000.00 ",,AR
University of California at Los Angeles (UCLA),California,"$52,600.00 ","$101,000.00 ","$51,300.00 ","$72,500.00 ","$139,000.00 ","$193,000.00 ",CA
"University of California, Berkeley",California,"$59,900.00 ","$112,000.00 ","$59,500.00 ","$81,000.00 ","$149,000.00 ","$201,000.00 ",CA
"University of California, Davis",California,"$52,300.00 ","$99,600.00 ","$52,000.00 ","$71,600.00 ","$135,000.00 ","$202,000.00 ",CA
"University of California, Irvine (UCI)",California,"$48,300.00 ","$96,700.00 ","$47,800.00 ","$66,000.00 ","$123,000.00 ","$172,000.00 ",CO
"University of California, Riverside (UCR)",California,"$46,800.00 ","$81,300.00 ","$37,200.00 ","$59,900.00 ","$109,000.00 ","$134,000.00 ",CA
"University of California, San Diego (UCSD)",California,"$51,100.00 ","$101,000.00 ","$51,700.00 ","$75,400.00 ","$131,000.00 ","$177,000.00 ",CA
"University of California, Santa Barbara (UCSB)",California,"$50,500.00 ","$95,000.00 ","$51,300.00 ","$71,200.00 ","$129,000.00 ","$173,000.00 ",MA
"University of California, Santa Cruz (UCSC)",California,"$44,700.00 ","$84,100.00 ","$46,100.00 ","$62,000.00 ","$121,000.00 ","$165,000.00 ",OK
University of Central Florida (UCF),Southern,"$42,600.00 ","$71,700.00 ","$39,500.00 ","$51,500.00 ","$98,400.00 ","$125,000.00 ",IA
University Of Chicago,Midwestern,"$53,400.00 ","$113,000.00 ","$62,200.00 ","$83,300.00 ","$174,000.00 ","$255,000.00 ",PA
University of Colorado - Boulder (UCB),Western,"$47,100.00 ","$97,600.00 ","$51,600.00 ","$69,000.00 ","$128,000.00 ","$187,000.00 ",FL
University of Colorado - Denver,Western,"$46,100.00 ","$84,400.00 ","$46,400.00 ","$58,600.00 ","$105,000.00 ","$144,000.00 ",CO
University of Connecticut (UConn),Northeastern,"$48,000.00 ","$88,800.00 ","$46,100.00 ","$66,400.00 ","$120,000.00 ","$162,000.00 ",CT
University of Delaware,Southern,"$45,900.00 ","$84,500.00 ","$44,500.00 ","$64,000.00 ","$119,000.00 ","$165,000.00 ",DE
University of Florida (UF),Southern,"$47,100.00 ","$87,900.00 ","$45,400.00 ","$62,900.00 ","$120,000.00 ","$172,000.00 ",CO
University of Georgia (UGA),Southern,"$44,100.00 ","$86,000.00 ","$43,100.00 ","$57,800.00 ","$118,000.00 ","$164,000.00 ",AR
University of Hawaii,Western,"$43,800.00 ","$76,000.00 ","$40,400.00 ","$56,300.00 ","$104,000.00 ","$128,000.00 ",HI
University of Houston (UH),Southern,"$46,000.00 ","$79,900.00 ","$42,000.00 ","$56,200.00 ","$106,000.00 ","$141,000.00 ",CT
University of Idaho,Western,"$44,900.00 ","$82,000.00 ","$43,000.00 ","$56,700.00 ","$104,000.00 ","$142,000.00 ",ID
University of Illinois at Chicago,Midwestern,"$47,500.00 ","$81,700.00 ","$44,700.00 ","$58,800.00 ","$110,000.00 ","$146,000.00 ",MN
University of Illinois at Urbana-Champaign (UIUC),Midwestern,"$52,900.00 ","$96,100.00 ","$48,200.00 ","$68,900.00 ","$132,000.00 ","$177,000.00 ",PA
University of Iowa (UI),Midwestern,"$44,700.00 ","$83,900.00 ","$43,300.00 ","$61,100.00 ","$116,000.00 ","$163,000.00 ",IA
University of Kansas,Midwestern,"$42,400.00 ","$81,600.00 ","$44,800.00 ","$57,200.00 ","$115,000.00 ","$156,000.00 ",MA
University of Kentucky (UK),Southern,"$42,800.00 ","$78,300.00 ","$43,000.00 ","$57,300.00 ","$107,000.00 ","$149,000.00 ",OK
University of Louisiana (UL) at Lafayette,Southern,"$41,100.00 ","$76,300.00 ","$42,000.00 ","$54,500.00 ","$107,000.00 ","$163,000.00 ",SD
University Of Maine,Northeastern,"$41,200.00 ","$72,100.00 ","$41,700.00 ","$55,600.00 ","$99,300.00 ","$141,000.00 ",ME
University of Maryland Baltimore County (UMBC),Southern,"$47,000.00 ","$77,800.00 ","$46,900.00 ","$59,100.00 ","$105,000.00 ","$130,000.00 ",WA
"University of Maryland, College Park",Southern,"$52,000.00 ","$95,000.00 ","$50,400.00 ","$68,300.00 ","$126,000.00 ","$166,000.00 ",GA
University of Massachusetts (UMass) - Amherst,Northeastern,"$46,600.00 ","$88,200.00 ","$43,100.00 ","$61,300.00 ","$122,000.00 ","$168,000.00 ",MA
University of Massachusetts (UMass) - Boston,Northeastern,"$45,600.00 ","$78,200.00 ","$36,300.00 ","$53,800.00 ","$109,000.00 ","$151,000.00 ",MA
University of Massachusetts (UMass) - Dartmouth,Northeastern,"$43,200.00 ","$77,700.00 ","$43,300.00 ","$56,200.00 ","$107,000.00 ","$132,000.00 ",MA
University of Massachusetts (UMass) - Lowell,Northeastern,"$45,400.00 ","$86,600.00 ","$50,900.00 ","$65,000.00 ","$113,000.00 ","$158,000.00 ",MA
University of Memphis (U of M),Southern,"$41,400.00 ","$69,700.00 ","$36,100.00 ","$49,100.00 ","$93,500.00 ","$127,000.00 ",IN
University of Michigan,Midwestern,"$52,700.00 ","$93,000.00 ","$50,900.00 ","$69,400.00 ","$128,000.00 ","$182,000.00 ",IL
University of Minnesota,Midwestern,"$46,200.00 ","$84,200.00 ","$49,000.00 ","$63,200.00 ","$112,000.00 ","$148,000.00 ",NY
University of Mississippi,Southern,"$41,400.00 ","$79,700.00 ","$40,400.00 ","$53,500.00 ","$108,000.00 ","$186,000.00 ",MS
University of Missouri - Columbia,Midwestern,"$41,700.00 ","$81,000.00 ","$43,500.00 ","$57,100.00 ","$111,000.00 ","$156,000.00 ",MO
University of Missouri - Kansas City (UMKC),Midwestern,"$38,900.00 ","$65,800.00 ","$36,300.00 ","$48,100.00 ","$95,800.00 ","$124,000.00 ",OR
University of Missouri - Rolla (UMR),Midwestern,"$57,100.00 ","$95,800.00 ","$67,600.00 ","$80,400.00 ","$122,000.00 ","$166,000.00 ",MO
University of Missouri - St. Louis (UMSL),Midwestern,"$41,400.00 ","$67,100.00 ","$36,800.00 ","$49,600.00 ","$97,600.00 ","$144,000.00 ",MO
University of Montana,Western,"$37,300.00 ","$71,900.00 ","$37,000.00 ","$51,500.00 ","$96,400.00 ","$138,000.00 ",MT
University of Nebraska,Midwestern,"$45,700.00 ","$80,900.00 ","$42,200.00 ","$56,600.00 ","$113,000.00 ","$156,000.00 ",NJ
University of Nebraska at Omaha,Midwestern,"$41,500.00 ","$72,600.00 ","$39,500.00 ","$54,400.00 ","$97,400.00 ","$126,000.00 ",NE
"University of Nevada, Las Vegas (UNLV)",Western,"$45,200.00 ","$71,600.00 ","$39,000.00 ","$52,400.00 ","$100,000.00 ","$128,000.00 ",NV
"University of Nevada, Reno (UNR)",Western,"$46,500.00 ","$82,900.00 ","$41,900.00 ","$54,600.00 ","$113,000.00 ","$143,000.00 ",TX
University of New Hampshire (UNH),Northeastern,"$41,800.00 ","$78,300.00 ","$41,700.00 ","$56,400.00 ","$114,000.00 ","$147,000.00 ",PA
University of New Haven,Northeastern,"$44,400.00 ","$82,900.00 ","$48,500.00 ","$66,100.00 ","$113,000.00 ","$157,000.00 ",CT
University of New Mexico (UNM),Western,"$41,600.00 ","$81,600.00 ","$41,800.00 ","$59,100.00 ","$105,000.00 ","$141,000.00 ",NY
University of North Carolina at Chapel Hill (UNCH),Southern,"$42,900.00 ","$81,500.00 ","$43,400.00 ","$57,500.00 ","$117,000.00 ","$155,000.00 ",NC
University of North Carolina at Charlotte (UNCC),Southern,"$43,100.00 ","$74,000.00 ","$38,200.00 ","$53,200.00 ","$99,500.00 ","$133,000.00 ",AL
University of North Carolina at Wilmington (UNCW),Southern,"$37,500.00 ","$64,400.00 ","$32,100.00 ","$46,600.00 ","$97,100.00 ","$129,000.00 ",NC
University of North Dakota,Midwestern,"$44,000.00 ","$80,600.00 ","$43,400.00 ","$56,400.00 ","$111,000.00 ","$157,000.00 ",ND
University of Notre Dame,Midwestern,"$56,300.00 ","$116,000.00 ","$66,400.00 ","$85,100.00 ","$163,000.00 ","$235,000.00 ",IN
University of Oklahoma,Southern,"$44,700.00 ","$82,900.00 ","$41,200.00 ","$60,300.00 ","$114,000.00 ","$167,000.00 ",CA
University of Oregon,Western,"$42,200.00 ","$78,400.00 ","$38,100.00 ","$56,200.00 ","$117,000.00 ","$186,000.00 ",WI
University of Pennsylvania,Northeastern,"$60,900.00 ","$120,000.00 ","$55,900.00 ","$79,200.00 ","$192,000.00 ","$282,000.00 ",PA
University of Puget Sound,Western,"$46,600.00 ","$81,500.00 ","$48,900.00 ","$60,100.00 ","$104,000.00 ","$137,000.00 ",MT
University of Rhode Island (URI),Northeastern,"$43,900.00 ","$85,300.00 ","$45,400.00 ","$60,100.00 ","$112,000.00 ","$157,000.00 ",RI
University of Richmond,Southern,"$48,600.00 ","$94,600.00 ","$44,500.00 ","$59,400.00 ","$151,000.00 ","$211,000.00 ",CA
University of South Carolina,Southern,"$40,000.00 ","$71,700.00 ","$36,300.00 ","$49,900.00 ","$98,400.00 ","$131,000.00 ",OK
University of South Florida (USF),Southern,"$41,100.00 ","$71,100.00 ","$39,600.00 ","$51,500.00 ","$98,100.00 ","$131,000.00 ",LA
University of Southern California (USC),California,"$54,800.00 ","$99,600.00 ","$49,700.00 ","$73,800.00 ","$140,000.00 ","$201,000.00 ",CA
University of Southern Maine,Northeastern,"$39,400.00 ","$63,600.00 ","$40,400.00 ","$47,900.00 ","$85,700.00 ","$117,000.00 ",ME
University of Tennessee,Southern,"$43,800.00 ","$74,600.00 ","$41,900.00 ","$53,200.00 ","$106,000.00 ","$153,000.00 ",UT
University of Texas (UT) - Austin,Southern,"$49,700.00 ","$93,900.00 ","$50,100.00 ","$67,400.00 ","$129,000.00 ","$188,000.00 ",TX
University of Texas at Arlington (UTA),Southern,"$45,400.00 ","$80,800.00 ","$46,400.00 ","$61,200.00 ","$106,000.00 ","$138,000.00 ",AL
University of Texas at El Paso (UTEP),Southern,"$43,400.00 ","$72,100.00 ","$37,700.00 ","$50,400.00 ","$99,500.00 ","$133,000.00 ",OH
University of Texas at San Antonio (UTSA),Southern,"$42,500.00 ","$70,700.00 ","$39,100.00 ","$49,800.00 ","$92,700.00 ","$121,000.00 ",TX
University of Toledo,Midwestern,"$43,100.00 ","$75,900.00 ","$40,100.00 ","$54,100.00 ","$100,000.00 ","$133,000.00 ",NC
University of Tulsa,Southern,"$42,400.00 ","$88,700.00 ","$42,300.00 ","$60,300.00 ","$120,000.00 ","$197,000.00 ",KS
University of Utah,Western,"$45,400.00 ","$83,200.00 ","$43,000.00 ","$58,400.00 ","$116,000.00 ","$148,000.00 ",TX
University of Vermont (UVM),Northeastern,"$44,800.00 ","$82,700.00 ","$44,700.00 ","$58,000.00 ","$122,000.00 ","$194,000.00 ",VT
University of Virginia (UVA),Southern,"$52,700.00 ","$103,000.00 ","$52,200.00 ","$71,800.00 ","$146,000.00 ","$215,000.00 ",VA
University of Washington (UW),Western,"$48,800.00 ","$85,300.00 ","$47,000.00 ","$59,800.00 ","$115,000.00 ","$149,000.00 ",WA
University of Wisconsin (UW) - Eau Claire,Midwestern,"$41,400.00 ","$64,800.00 ","$35,000.00 ","$47,300.00 ","$93,100.00 ","$125,000.00 ",TN
University of Wisconsin (UW) - Green Bay,Midwestern,"$35,800.00 ","$60,600.00 ","$35,500.00 ","$46,800.00 ","$81,800.00 ","$102,000.00 ",WI
University of Wisconsin (UW) - La Crosse,Midwestern,"$42,200.00 ","$69,300.00 ","$37,500.00 ","$47,200.00 ","$93,100.00 ","$133,000.00 ",OR
University of Wisconsin (UW) - Madison,Midwestern,"$48,900.00 ","$87,800.00 ","$47,400.00 ","$62,400.00 ","$118,000.00 ","$170,000.00 ",NY
University of Wisconsin (UW) - Milwaukee,Midwestern,"$42,300.00 ","$74,600.00 ","$40,600.00 ","$54,000.00 ","$93,700.00 ","$123,000.00 ",MI
University of Wisconsin (UW) - Oshkosh,Midwestern,"$39,300.00 ","$66,400.00 ","$37,700.00 ","$49,700.00 ","$90,100.00 ","$138,000.00 ",WI
University of Wisconsin (UW) - Parkside,Midwestern,"$40,700.00 ","$71,400.00 ","$40,900.00 ","$53,100.00 ","$84,900.00 ","$119,000.00 ",WI
University of Wisconsin (UW) - Platteville,Midwestern,"$45,800.00 ","$78,500.00 ","$48,400.00 ","$61,200.00 ","$100,000.00 ","$139,000.00 ",WI
University of Wisconsin (UW) - Stevens Point,Midwestern,"$39,800.00 ","$64,000.00 ","$38,400.00 ","$45,100.00 ","$95,400.00 ","$128,000.00 ",WI
University of Wisconsin (UW) - Stout,Midwestern,"$43,600.00 ","$68,300.00 ","$40,900.00 ","$50,600.00 ","$91,600.00 ","$136,000.00 ",IL
University of Wisconsin (UW) - Whitewater,Midwestern,"$40,800.00 ","$75,500.00 ","$38,200.00 ","$53,500.00 ","$99,300.00 ","$150,000.00 ",ID
University of Wyoming (UW),Western,"$44,500.00 ","$78,700.00 ","$41,500.00 ","$54,000.00 ","$105,000.00 ","$145,000.00 ",WY
Ursinus College,Northeastern,"$42,100.00 ","$80,000.00 ","$35,600.00 ","$54,300.00 ","$100,000.00 ","$160,000.00 ",MA
Utah State University,Western,"$43,800.00 ","$78,700.00 ","$41,600.00 ","$55,400.00 ","$101,000.00 ","$132,000.00 ",TN
Utah Valley State College,Western,"$42,400.00 ","$67,100.00 ",,"$44,100.00 ","$84,900.00 ",,UT
Vanderbilt University,Southern,"$51,200.00 ","$104,000.00 ","$49,900.00 ","$68,100.00 ","$147,000.00 ","$222,000.00 ",TN
Vassar College,Northeastern,"$46,000.00 ","$94,600.00 ",,"$60,600.00 ","$123,000.00 ",,TX
Villanova University,Northeastern,"$55,800.00 ","$101,000.00 ","$56,800.00 ","$76,200.00 ","$156,000.00 ","$226,000.00 ",PA
Virginia Commonwealth University (VCU),Southern,"$42,000.00 ","$68,400.00 ","$37,400.00 ","$51,900.00 ","$100,000.00 ","$123,000.00 ",IL
Virginia Polytechnic Institute and State University (Virginia Tech),Southern,"$53,500.00 ","$95,400.00 ","$50,600.00 ","$71,400.00 ","$124,000.00 ","$163,000.00 ",CA
Virginia Wesleyan College (VWC),Southern,"$34,600.00 ","$54,900.00 ",,"$37,100.00 ","$88,900.00 ",,VA
Washington and Lee University,Southern,"$53,600.00 ","$104,000.00 ",,"$82,800.00 ","$146,000.00 ",,NY
Washington State University (WSU),Western,"$45,300.00 ","$84,700.00 ","$43,600.00 ","$59,000.00 ","$113,000.00 ","$162,000.00 ",WA
Wayne State University,Midwestern,"$42,800.00 ","$76,100.00 ","$40,100.00 ","$56,200.00 ","$101,000.00 ","$139,000.00 ",MI
Wellesley College,Northeastern,"$42,800.00 ","$83,500.00 ",,"$58,600.00 ","$125,000.00 ",,NY
Wentworth Institute of Technology,Northeastern,"$53,000.00 ","$96,700.00 ","$55,200.00 ","$74,000.00 ","$117,000.00 ","$153,000.00 ",MA
"Wesleyan University (Middletown, Connecticut)",Northeastern,"$46,500.00 ","$97,900.00 ","$42,000.00 ","$62,500.00 ","$126,000.00 ","$215,000.00 ",CT
West Virginia University (WVU),Southern,"$43,100.00 ","$78,100.00 ","$39,700.00 ","$55,700.00 ","$106,000.00 ","$141,000.00 ",WV
Western Carolina University,Southern,"$36,900.00 ","$66,600.00 ","$39,000.00 ","$49,500.00 ","$94,400.00 ","$133,000.00 ",TN
Western Michigan University (WMU),Midwestern,"$42,300.00 ","$73,800.00 ","$40,100.00 ","$52,500.00 ","$103,000.00 ","$135,000.00 ",WI
Western Washington University,Western,"$42,700.00 ","$75,400.00 ","$41,300.00 ","$56,700.00 ","$99,200.00 ","$119,000.00 ",WA
Whitman College,Western,"$43,500.00 ","$80,100.00 ",,"$64,800.00 ","$111,000.00 ",,OH
Widener University,Northeastern,"$52,900.00 ","$83,400.00 ","$42,600.00 ","$61,400.00 ","$106,000.00 ","$138,000.00 ",IL
Williams College,Northeastern,"$51,700.00 ","$102,000.00 ",,"$76,400.00 ","$143,000.00 ",,MA
Wittenberg University,Midwestern,"$39,200.00 ","$78,200.00 ",,"$54,100.00 ","$131,000.00 ",,AL
Worcester Polytechnic Institute (WPI),Northeastern,"$61,000.00 ","$114,000.00 ","$80,000.00 ","$91,200.00 ","$137,000.00 ","$180,000.00 ",MA
Yale University,Northeastern,"$59,100.00 ","$126,000.00 ","$58,000.00 ","$80,600.00 ","$198,000.00 ","$326,000.00 ",CT
